ID,population,avg_household_size,level_up_access_pop_percent,sex_total_men,sex_total_women,race_hispanic_or_latino,race_not_hispanic_or_latino,race_american_indian_and_alaska_native,race_asian,race_black_or_african_american,race_native_hawaiian_and_other_pacific_islander,race_some_other_race,race_two_or_more,race_two_or_more_excluding_some_ther_and_three_or_more,race_two_or_more_including_some_other,race_white_alone,occupation_population_16_and_over_total,occupation_management_business_science_and_arts,occupation_service,occupation_sales_and_office,occupation_natural_resources_construction_and_maintenance,occupation_production_transporation_and_material_moving,hh_with_computer_and_internet_total,hh_with_computer,hh_with_bb_internet_subscription,industry_agriculture_forestry_fishing_and_hunting_and_mining,industry_construction,industry_manufacturing,industry_wholesale_trade,industry_retail_trade,industry_transportation_and_warehousing_and_utilities,industry_information,industry_finance_and_insurance_real_estate_and_rental_and_leasing,industry_professional_scientific_management_administrative_and_waste_management_services,industry_educational_services_health_care_and_social_assistance,industry_arts_entertainment_recreation_accommodation_and_food_services,industry_other_services_except_public_administration,industry_public_administration,hh_with_income_total,hh_with_income_less_than_10000,hh_with_income_10000-14999,hh_with_income_15000-24999,hh_with_income_25000-34999,hh_with_income_35000-49999,hh_with_income50000-74999,hh_with_income_75000-99999,hh_with_income_100000-149999,hh_with_income_150000_and_greater,hh_median_income,hh_mean_income,family_structure_hh_total,family_structure_hh_with_one_or_more_under_18,family_structure_hh_with_none_under_18,employment_16_and_over_in_labor_force,employment_employed,employment_unemployed,employment_not_in_labor_force,employment_%_unemployment_rate,%_eduction_population_25_and_over_less_than_9th_grade,%_eduction_population_25_and_over_9th-12th_no_diploma,%_eduction_population_25_and_over_high_school_graduate,%_eduction_population_25_and_over_some_college_no_degree,%_eduction_population_25_and_over_associates_degree,%_eduction_population_25_and_over_bachelors_degree_or_more,disability_population_under_18,disability_population_18-64,disability_population_65_and_over,disability_under_18_with_disability,disability_18-64_with_disability,disability_64_and_over_with_disability,citizenship_native_born,citizenship_foreign_born,age_under_9,age_10-14,age_15-19,age_20-24,age_25-34,age_35-44,age_45-54,age_55-59,age_60-84,age_85_and_over
0500000US06033-Lake County,64148,2.43,0.8808902556456373,0.49696015464238946,0.5030398453576105,0.20000623558022074,0.7999937644197792,0.0325809066533641,0.010008106254286962,0.02222984348693646,0.00046766851655546547,0.0022136309783625367,0.02127891750327368,0.02101390534389225,0.00026501215938143043,0.7112146910270001,0.3677277545675625,0.100143418345077,0.0995354492735549,0.07086736920870487,0.057476460684666705,0.03970505705555902,0.4047826900293072,0.33879466234333105,0.29402319635842117,0.02584648001496539,0.03247178399950115,0.014170356051630605,0.005954979110806261,0.043009914572550975,0.01747521356862256,0.00487934152272869,0.011286400199538566,0.04037538192928852,0.09194363035480452,0.030834944191557023,0.020281224667955355,0.029198104383612894,0.4047826900293072,0.03700816861008917,0.03197293758184199,0.049931408617571865,0.05061732244185321,0.0562293446405188,0.06282347072395086,0.04954168485377564,0.04067157198977365,0.025986780569932033,42475,60847,0.4047826900293072,0.10533453887884267,0.2994481511504645,0.40757311217808817,0.3677277545675625,0.03984535761052566,0.40797842489243624,9.8,5.6,9.2,30.1,27.8,11.5,15.8,0.20689655172413793,0.5680925360104758,0.21414541373074764,0.006219991270187691,0.10140612333977676,0.09138242813493795,0.9114235829643949,0.08857641703560516,0.11708860759493671,0.05449897112926358,0.054810750140300554,0.050367899233023636,0.10870175219804203,0.10453950240069838,0.12622373261832012,0.08008043898484754,0.2822535386917753,0.02143480700879217
0500000US06043-Mariposa County,17540,2.13,0.40777771318956,0.508551881413911,0.49144811858608894,0.1088369441277081,0.8911630558722919,0.022234891676168756,0.013854047890535917,0.009464082098061573,0.0030786773090079817,0.0011402508551881414,0.03608893956670468,0.03574686431014823,0.00034207525655644244,0.8053021664766249,0.40199543899657925,0.11647662485746864,0.12280501710376283,0.0846636259977195,0.037457240592930444,0.04059293044469783,0.43899657924743446,0.3825541619156214,0.33415051311288485,0.01539338654503991,0.01733181299885975,0.01984036488027366,0.00524515393386545,0.046522234891676166,0.013911060433295324,0.004218928164196123,0.012200684150513112,0.04213226909920183,0.06961231470923603,0.10210946408209806,0.00952109464082098,0.04395667046750285,0.43899657924743446,0.028164196123147092,0.027594070695553023,0.053249714937286204,0.040535917901938424,0.06459521094640822,0.08352337514253136,0.06043329532497149,0.049771949828962374,0.03112884834663626,51199,64590,0.43899657924743446,0.10957810718358038,0.32941847206385405,0.4405359179019384,0.40199543899657925,0.03854047890535918,0.4152793614595211,8.7,3.2,6.4,26.5,30.6,9.8,23.4,0.1630558722919042,0.5612884834663626,0.26596351197263396,0.008266818700114024,0.087115165336374,0.08705815279361459,0.9289053591790194,0.07109464082098062,0.08683010262257697,0.04281641961231471,0.045838084378563286,0.04578107183580388,0.10746864310148233,0.09201824401368301,0.13021664766248575,0.08568985176738883,0.34304446978335235,0.020296465222348917
0500000US06115-Yuba County,75493,2.83,0.7587329028321554,0.5095571774866544,0.4904428225133456,0.2780390234856212,0.7219609765143788,0.0085173459790974,0.06592664220523757,0.0309962513080683,0.0038679082828871553,0.001669028916588293,0.05351489542076749,0.05274661226868716,0.0007682831520803254,0.5574689044017326,0.3835322480229955,0.10296318864000636,0.07881525439444717,0.08741207794100116,0.05736955744241188,0.05697216960512895,0.3467738730743248,0.30960486402712833,0.2786218589803028,0.016292901328600003,0.03576490535546342,0.022372935239028783,0.009245890347449432,0.04972646470533692,0.018743459658511385,0.007762309088259839,0.01609420740995854,0.037129270263468135,0.08196786457022505,0.03499662220338309,0.01650484150848423,0.036930576344826674,0.3467738730743248,0.01707443074192309,0.02488972487515399,0.037553150623236595,0.033075914323182284,0.05240220947637529,0.06284026333567351,0.043235796696382445,0.04756732412276635,0.028135058879631223,52624,67391,0.3467738730743248,0.1349794020637675,0.21179447101055726,0.4186083477938352,0.3835322480229955,0.03507609977083968,0.3092074761898454,8.4,7.6,10.3,23.1,31.2,11.0,16.6,0.2761845469116342,0.5760401626640881,0.1192428437073636,0.013895328043659677,0.0907633820354205,0.048627025022187485,0.875048017697005,0.12495198230299498,0.15792192653623516,0.077027009126674,0.06563522445789675,0.07417906295947968,0.15802789662617725,0.12177287960473157,0.11140105705164717,0.060826831626773346,0.15841203820221741,0.014796073808167646
0500000US06013-Contra Costa County,1133247,2.86,0.9766515072967832,0.48859692547167566,0.5114030745283243,0.2542261307552546,0.7457738692447454,0.002096630302131839,0.16071959599275357,0.08266776792702739,0.004633588264517797,0.0033787867958176812,0.048463397652938854,0.04692798657309483,0.0015354110798440235,0.4438141023095583,0.48296884968590253,0.21199614911841813,0.08530002726678297,0.10468768062037667,0.0376625748843809,0.04332241779594387,0.3461531334298701,0.3265978202457187,0.31210495152424844,0.003263189754748965,0.0341681910474945,0.03254453795156749,0.011248209790098716,0.04989644799412661,0.02539605222868448,0.013359841234964663,0.04103694957939443,0.07784710658841365,0.10622573896070318,0.04349184246682321,0.025188683490889454,0.0193020585979932,0.3461531334298701,0.012239167630710692,0.010374613830877117,0.018897910164333107,0.019866807500924333,0.030738223882348686,0.04825426407482217,0.04277531729622933,0.06560264443673798,0.09740418461288669,93712,128079,0.3461531334298701,0.1250292301678275,0.22112390326204262,0.5143503578654962,0.48296884968590253,0.03138150817959368,0.28117965456780386,6.1,5.8,4.9,17.6,21.8,8.3,41.7,0.23022518480084217,0.6175988112035593,0.1475485926722065,0.00877302123897085,0.05522891302602169,0.047837761758910455,0.7500915510916861,0.2499084489083139,0.12224166487976584,0.0673533660358245,0.06429048565758391,0.060016042398523886,0.1268858421862136,0.1338481372551615,0.14489603766875184,0.06958588904272414,0.1917516657886586,0.0191308690867922
0500000US06035-Lassen County,31185,2.23,0.5175154548130704,0.6628507295173962,0.3371492704826038,0.18707712041045374,0.8129228795895462,0.027160493827160494,0.013981080647747314,0.08641975308641975,0.006573673240339907,0.0007054673721340388,0.019817219817219817,0.01792528459195126,0.0018919352252685586,0.6582651915985249,0.28180214846881513,0.08215488215488216,0.07465127465127465,0.05669392336059003,0.03309283309283309,0.03520923520923521,0.30440917107583776,0.2562129228795895,0.23174603174603176,0.01875901875901876,0.01882315215648549,0.004842071508738176,0.003270803270803271,0.022607022607022607,0.009106942440275774,0.0029822029822029823,0.006990540323873657,0.009844476511143178,0.062369729036395705,0.019688953022286355,0.008112874779541446,0.09440436107102773,0.30440917107583776,0.015937149270482603,0.019528619528619527,0.030174763508096843,0.02914862914862915,0.03687670354337021,0.06345999679333013,0.03755010421677089,0.04450857784191117,0.027224627224627224,56362,71097,0.30440917107583776,0.07750521083854417,0.22690396023729356,0.3000801667468334,0.28180214846881513,0.01827801827801828,0.5562610229276896,6.1,3.8,13.4,33.2,27.8,9.7,12.1,0.15683822350489018,0.3994548661215328,0.12916466249799582,0.008625941959275293,0.057944524611191275,0.0488375821709155,0.9478595478595478,0.05214045214045214,0.0851691518358185,0.047362514029180694,0.04630431297097964,0.10319063652396986,0.20160333493666827,0.1395863395863396,0.1250280583613917,0.057816257816257814,0.1810165143498477,0.012922879589546256
0500000US06083-Santa Barbara County,443738,2.92,0.9260849408397333,0.5007639643212887,0.49923603567871133,0.45085162866376105,0.549148371336239,0.0031707899706583617,0.05182337325178371,0.01776048028341048,0.0010862265571125304,0.0013611635694937103,0.02468123081638264,0.024248543059192586,0.00043268775719005356,0.4492651068873975,0.47719825662891163,0.17002149917293538,0.1030495472553624,0.09346506271718898,0.06696744475343559,0.04369470272998932,0.3266837638426279,0.2985906097742361,0.27881317353934076,0.04242142886117484,0.02599281558036499,0.033303435811221936,0.009670120656783958,0.04663562732964047,0.014490532701729399,0.009377154987853192,0.02253131352284456,0.05649279529812637,0.11043678927655508,0.05889736736542735,0.02633085289066972,0.020618022346519792,0.3266837638426279,0.015468587319544416,0.012374419139221793,0.024374743655039686,0.025983801252090197,0.038216244720984005,0.053583420847437,0.04182197603090112,0.05386061144188688,0.06099995943552276,71657,101100,0.3266837638426279,0.10873533481468795,0.2179484290279399,0.5084351576831373,0.47719825662891163,0.03123690105422569,0.2885013228526743,6.1,12.2,6.8,17.9,21.5,7.7,33.8,0.22302800301078565,0.618098968310129,0.1430371074823432,0.006512852178537786,0.04532854972979551,0.04581306987456562,0.7710225403278511,0.2289774596721489,0.1257791760002524,0.061387575551338856,0.08438538056240394,0.11138329374540833,0.1329027489194074,0.11295854761142836,0.11258896015216185,0.0583362254303215,0.1779834046216461,0.02229468740563125
0500000US06097-Sonoma County,501317,2.6,0.9502888723459348,0.4891037008519559,0.510896299148044,0.2652712754604372,0.7347287245395628,0.004125134396000933,0.039336387954128825,0.014346212077388159,0.002804612650279165,0.004988859344486622,0.03432558640540816,0.03329829229808684,0.0010272941073213157,0.6348019317118709,0.5055104853815051,0.18966442390742783,0.10088826032231103,0.10742703718405719,0.05324774543851495,0.0542830185291941,0.3776831824973021,0.35152408555863857,0.3289914365561112,0.014060963422345541,0.04140693413548713,0.04878948848732439,0.014868835487326383,0.05799923002810597,0.018734652924197664,0.010027587334959715,0.029087383830989175,0.05957906873295739,0.1063259374806759,0.05483955261840313,0.029346700790118828,0.02044415010861391,0.3776831824973021,0.014226527327020627,0.013863483584239115,0.026173060159539772,0.027004869174594118,0.038929459802879214,0.06436047451014029,0.05424511835824439,0.06603007677776736,0.07285011280287722,76753,102483,0.3776831824973021,0.10760058007209011,0.270082602425212,0.5325253282852965,0.5055104853815051,0.027014842903791414,0.28782187717551966,5.1,6.2,5.8,18.8,24.8,9.5,34.9,0.20047195686561597,0.612201461350802,0.17884891196588187,0.006887857383651462,0.06023135062246044,0.05318989780917065,0.8345577748211211,0.16544222517887883,0.10840047315371312,0.0577359235772974,0.05968678500828817,0.0601216396012902,0.1304902885798806,0.12320747152001628,0.13250897136941298,0.07118450002692907,0.23348300576282072,0.023180941400351474
0500000US06025-Imperial County,180216,3.87,0.8513975112435505,0.5118857371154615,0.4881142628845386,0.8379888578150664,0.16201114218493365,0.005970613042127225,0.013184178985217739,0.021673991210547344,0.0017035113419452213,0.0006658676255160474,0.009094641985173348,0.008867137213122031,0.0002275047720513162,0.10971833799440671,0.33248435211080035,0.08231233630754206,0.08098060105650996,0.07530407954898566,0.04586163270741776,0.04802570249034492,0.2444677498113375,0.20702379366981843,0.18062214231810717,0.03265525813468283,0.01714054246015892,0.013644737426199672,0.007818395702934256,0.046671771651795625,0.02124672615084121,0.0026190793270297863,0.010703822080170462,0.02417099480623252,0.08742287033337773,0.0266513517112798,0.01152505881830692,0.03021374350779065,0.2444677498113375,0.02009810449682603,0.023704887468371287,0.03162871221201225,0.024659297731610956,0.030507835042393572,0.0393194832867226,0.028449194300173127,0.029287077728947484,0.016813157544280196,45834,63186,0.2444677498113375,0.10350912238646957,0.14095862742486795,0.3923125582634172,0.33248435211080035,0.05982820615261686,0.34884804900785726,15.3,16.9,14.2,24.5,23.8,6.3,14.5,0.2865616815377103,0.5374827984196742,0.12334087983308918,0.011758112487237538,0.06288009943623207,0.06162604874151019,0.689023172193368,0.31097682780663205,0.15914236249833533,0.08110267678785457,0.07533182403338216,0.07771784969148134,0.14543658720646335,0.12114906556576553,0.11411306432281262,0.05291428064100857,0.15622919163670262,0.016863097616193902
0500000US06051-Mono County,14174,2.86,0.8278870119080587,0.5179201354592916,0.48207986454070834,0.27275292789614786,0.7272470721038521,0.024128686327077747,0.02370537604063779,0.002822068576266403,0.0,0.005644137152532806,0.019472273176238182,0.019472273176238182,0.0,0.6514745308310992,0.5840270918583321,0.22343727952589248,0.1638210808522647,0.10342881332016368,0.054959785522788206,0.038380132637223084,0.3419641597290814,0.31240299139269084,0.28474671934528006,0.02793847890503739,0.047128545223648934,0.014745308310991957,0.0004938620008466206,0.054959785522788206,0.019331169747424864,0.006208550867786087,0.032171581769437,0.04522364893466911,0.06970509383378017,0.22632989981656554,0.014039791166925357,0.02575137575843093,0.3419641597290814,0.009877240016932411,0.007196274869479329,0.01883730774657824,0.023917031183857768,0.052561027232961764,0.08769578100747848,0.056511923239734724,0.05397206152109496,0.031395512910963735,63018,80008,0.3419641597290814,0.06335543953718076,0.27860872019190064,0.6025116410328771,0.5840270918583321,0.01848454917454494,0.2241427966699591,3.1,6.5,4.8,22.8,28.1,7.2,30.700000000000003,0.18971356003950895,0.6589530125582052,0.14321998024551996,0.005220826866092846,0.03174827148299704,0.02758572033300409,0.824396782841823,0.17560321715817695,0.0881896430083251,0.06427261182446734,0.04444758007619585,0.09460984901933117,0.15972908141667844,0.1102723296176097,0.1385635670946804,0.09270495273035134,0.20177790320304784,0.005432482009312826
0500000US06001-Alameda County,1643700,2.81,0.9899199977981594,0.4910695382369045,0.5089304617630954,0.22453063211048244,0.7754693678895176,0.0032171320800632717,0.29389000425868467,0.10484212447526921,0.008025795461458903,0.0030279248037963133,0.04404392529050313,0.04160978280708159,0.002434142483421549,0.3184224615197421,0.5154042708523453,0.2532724949808359,0.08133114315264342,0.09707002494372452,0.03198515544199063,0.05174545233315082,0.3485246699519377,0.326070450812192,0.3049199975664659,0.00214211839143396,0.02739551012958569,0.05136399586299203,0.0130187990509217,0.046158058039788286,0.025959116627121737,0.017997809819310092,0.03174727748372574,0.0985483969094117,0.11188538054389487,0.045821013566952604,0.02572306381943177,0.017643730607775143,0.3485246699519377,0.014756342398247855,0.01315386019346596,0.02051651761270305,0.020663746425746792,0.02878992516882643,0.046681267871266044,0.040307233680111944,0.06355417655289895,0.10010160004867068,92574,122575,0.3485246699519377,0.11857212386688569,0.22995254608505203,0.5428484516639289,0.5154042708523453,0.027444180811583622,0.26899616718379266,5.1,6.2,5.8,17.6,17.9,6.5,45.9,0.2093599805317272,0.6560090040761696,0.12880756829105067,0.005562450568838596,0.045855691427876134,0.04174606071667579,0.6761951694348117,0.3238048305651883,0.11798625053233558,0.058278274624323174,0.057105919571698,0.06309241345744357,0.16539940378414553,0.14878444971710167,0.1365863600413701,0.06476546815112247,0.17087607227596277,0.017125387844497172
0500000US06067-Sacramento County,1510023,2.77,0.9603415860530626,0.4885634192326872,0.5114365807673128,0.22981438031076348,0.7701856196892365,0.0036217991381588227,0.15346786108555963,0.09536477258955658,0.010817716021544042,0.004030402185926969,0.050903198163206785,0.048859520682797544,0.0020436774804092387,0.4519798705052837,0.454310298584856,0.17719200303571536,0.08753310380040569,0.1054288577061409,0.035601444481309225,0.04855488956128483,0.3549806857246545,0.3307731074294895,0.3038702059505054,0.003919145602417976,0.028964459481742994,0.02526319135536346,0.011301814608121862,0.049737653002636384,0.024969818340515343,0.008221729073000875,0.03198957896667799,0.05364885170623229,0.10160441264801927,0.0433973522257608,0.023171832482021797,0.04812045909234495,0.3549806857246545,0.01936129449683879,0.01816793519039114,0.029968417699597953,0.030500859920676703,0.041905984213485487,0.062211635187013704,0.046173468880937575,0.056784565533107775,0.04990652460260539,63902,85289,0.3549806857246545,0.12162198853924741,0.2333586971854071,0.4904362383884219,0.454310298584856,0.036125939803565904,0.2947239876478703,7.4,6.5,6.1,22.3,24.9,9.7,30.5,0.23981621471990824,0.6186594508825363,0.13188077267697246,0.008707814384284213,0.061879852161192246,0.04957474157678393,0.7916687361715683,0.20833126382843176,0.13287810847914236,0.06754863998760284,0.06286791658140306,0.06632945325998346,0.15520492071975062,0.13094634982381062,0.12916624448766675,0.06298645782216562,0.17440330379073696,0.017668605047737682
0500000US06055-Napa County,140530,2.78,0.9157712858636312,0.4986977869494058,0.5013022130505942,0.33933679641357717,0.6606632035864228,0.002319789368818046,0.07976944424678005,0.019668398206788586,0.0018786024336440617,0.0036718138475770297,0.025645769586565146,0.024080267558528427,0.0015655020280367182,0.5277093858962499,0.5044332171066677,0.18270831850850353,0.10438340567850281,0.10543656158827297,0.057617590550060487,0.05428734078132783,0.3489077065395289,0.32319789368818047,0.3054863730164378,0.0291112218031737,0.03082615811570483,0.06582224436063475,0.013683910908702768,0.05009606489717498,0.01519960150857468,0.0058564007685191774,0.025396712445741123,0.048160535117056855,0.10700206361630968,0.06977869494058209,0.02394506511065253,0.01955454351384046,0.3489077065395289,0.011257382765245854,0.01042482032306269,0.021724898598164094,0.02290614103750089,0.03651177684480182,0.054792570981285135,0.04370597025546147,0.06602149007329396,0.08156265566071301,84753,116922,0.3489077065395289,0.11290115989468441,0.23600654664484452,0.5309613605635807,0.5044332171066677,0.026528143456913116,0.28318508503522377,5.0,9.7,5.2,18.0,23.0,9.2,34.9,0.21238881377641786,0.6004056073436277,0.17420479612894044,0.007948480751440973,0.05294954813918736,0.05518394648829431,0.7760691667259659,0.223930833274034,0.10508076567281008,0.06844801821675087,0.06429943784245357,0.06324628193268342,0.12288479328257311,0.12644275243720202,0.13466875400270406,0.06802817903650465,0.2222657083896677,0.024635309186650536
0500000US06053-Monterey County,433212,3.3,0.8949433374571777,0.5100666648199957,0.48993333518000426,0.5830586410348744,0.41694135896512563,0.0024145222200677727,0.05458528387948625,0.02448223964248451,0.0045312687552514705,0.001223419480531472,0.026762878221286576,0.026448944165904913,0.0003139340553816607,0.30294174676601754,0.42710035733082186,0.12187797198600224,0.08513152913585034,0.08077338577878729,0.08776303518831427,0.05155443524186772,0.29097070256594926,0.2549490780495462,0.23518969926964164,0.07676841823402861,0.025721817493513568,0.02219467604775491,0.011675576853826765,0.04018586742749508,0.014856467503208591,0.0055630961284544285,0.015121926447097495,0.038904739480900806,0.08456598616843486,0.05063109978486284,0.01872985974534408,0.022180826015899838,0.29097070256594926,0.011126192256908857,0.00964654718705853,0.02207002576105925,0.02502700756211739,0.03689417652327267,0.05599106211277619,0.03993425851546125,0.04548812128934563,0.04479331135794946,66676,93636,0.29097070256594926,0.11488601423783275,0.1760846883281165,0.45128020461113727,0.42710035733082186,0.02417984728031541,0.30095888387209957,5.4,19.5,9.2,20.4,18.2,8.1,24.4,0.26311598016675436,0.5738299031421106,0.12541434678633095,0.007407458703821685,0.03811759600380414,0.04028974266640813,0.7001445019990212,0.2998554980009787,0.14797374033960278,0.07439775444816857,0.07034200345327461,0.07358291090736176,0.14592393562505193,0.12936391420366933,0.11934341615652383,0.05876106848379085,0.1614936797687968,0.018817576613759546
0500000US06091-Sierra County,2930,2.34,0.02029950083194676,0.5262798634812287,0.4737201365187713,0.110580204778157,0.889419795221843,0.008532423208191127,0.0,0.0020477815699658703,0.0,0.0,0.0027303754266211604,0.0027303754266211604,0.0,0.8761092150170648,0.42696245733788396,0.11808873720136519,0.08020477815699659,0.06860068259385665,0.0962457337883959,0.06382252559726963,0.4235494880546075,0.3341296928327645,0.3102389078498293,0.015699658703071672,0.08088737201365187,0.013310580204778157,0.0,0.020819112627986348,0.0447098976109215,0.0006825938566552901,0.0,0.03583617747440273,0.08907849829351536,0.03549488054607509,0.010580204778156996,0.07986348122866894,0.4235494880546075,0.015358361774744027,0.04334470989761092,0.04948805460750853,0.040273037542662114,0.06689419795221843,0.04744027303754266,0.04607508532423208,0.08976109215017065,0.024914675767918087,48125,67464,0.4235494880546075,0.05426621160409556,0.36928327645051195,0.44744027303754264,0.42696245733788396,0.020477815699658702,0.41945392491467576,4.6,0.4,6.3,26.6,34.6,13.4,18.700000000000003,0.15051194539249146,0.5539249146757679,0.2863481228668942,0.0,0.0689419795221843,0.0621160409556314,0.9778156996587031,0.02218430034129693,0.07610921501706484,0.052218430034129695,0.04812286689419795,0.02832764505119454,0.06382252559726963,0.1296928327645051,0.08668941979522184,0.1645051194539249,0.33139931740614337,0.01911262798634812
0500000US06073-San Diego County,3302833,2.87,0.9780773620343106,0.5031834791525942,0.49681652084740585,0.33514410204815076,0.6648558979518492,0.003718625797913488,0.11576001571983809,0.04709169370658462,0.00387879132853523,0.0019274362342873528,0.03366715786114526,0.03291265407606137,0.0007545037850838961,0.4588121773035452,0.47381444959524144,0.19755010319928376,0.09226200658646683,0.10295343421844216,0.03617439937169091,0.04487450621935775,0.3387939989699752,0.31828615010204875,0.30070276032727056,0.004078619778838349,0.02782520339357152,0.04377544974269059,0.011282132641886525,0.04959348535030381,0.019329466551896508,0.0104458808544059,0.029412628491964323,0.07166302383438702,0.10078014843620613,0.05651996331634085,0.02544694206458516,0.023661505138164722,0.3387939989699752,0.015450069682602784,0.011941566527886817,0.023712067791498995,0.025514762629536523,0.03711117092508159,0.05595347993676943,0.043895346812872466,0.05983711559137262,0.06537841907235395,74855,101302,0.3387939989699752,0.11332362247803628,0.22547037649193888,0.506199374900275,0.47381444959524144,0.03238492530503359,0.275991550284256,6.4,6.7,6.1,18.4,22.4,8.2,38.2,0.21944403486340364,0.6198290982317302,0.13094546409097887,0.006567392296249916,0.04476429780131178,0.044009794016227885,0.7655452152742812,0.2344547847257188,0.12417127962570315,0.05986557600702185,0.0634291833707608,0.07936156626750429,0.16391534176871794,0.13226675402601343,0.12723047153761635,0.06105849130125562,0.17048212852420938,0.018219207571197212
0500000US06113-Yolo County,214977,2.81,0.8682993197278912,0.48551705531289396,0.5144829446871061,0.3154244407541272,0.6845755592458728,0.00247933499862776,0.13657274964298508,0.024258409039106508,0.004274875916958559,0.001200128385827321,0.04469780488145243,0.04314880196486136,0.0015490029165910772,0.4710922563809152,0.4529507807811998,0.20316126841476065,0.0848695441837964,0.07721756280904468,0.03939956367425353,0.04830284169934458,0.3419435567525828,0.31867129972043523,0.2959339836354587,0.01826241877038009,0.02153718769914921,0.02714709015383041,0.010377854375119198,0.04526530745149481,0.021732557436376913,0.005386622754992395,0.019671871874665663,0.04725156644664313,0.13200016745977478,0.047121319955157996,0.020006791424198866,0.037190024979416404,0.3419435567525828,0.02623536471343446,0.017550714727622024,0.02991017643747936,0.025314335952218145,0.03458509514971369,0.056764211985468216,0.04047409722900589,0.05141480251375728,0.059694758043883765,65923,92571,0.3419435567525828,0.11219804909362396,0.22974550765895888,0.4842192420584528,0.4529507807811998,0.03126846127725291,0.3256255320336594,6.5,7.2,6.5,18.5,19.5,6.8,41.5,0.2131855965987059,0.6643175781595241,0.11611939881940858,0.004665615391413965,0.04709806165310708,0.04102299315740754,0.7715011373309703,0.22849886266902972,0.11668690138945097,0.06071347167371393,0.09484270410322965,0.14139186982793508,0.13701465738195248,0.11620312870679189,0.11060718123334125,0.05444303344078669,0.15121152495383228,0.016885527288965797
0500000US06023-Humboldt County,135768,2.43,0.9472107880021836,0.4983943197218785,0.5016056802781215,0.11313417005479937,0.8868658299452007,0.04359642920275764,0.02982293323905486,0.00988450886806906,0.002717871663425844,0.0019003005126392082,0.05278121501384715,0.0519783748747864,0.0008028401390607507,0.7461625714454069,0.44907489246361443,0.15245860585705026,0.10534146485180602,0.10201962170761888,0.04434034529491485,0.044914854752224384,0.3997039066643097,0.3589800247480997,0.32425166460432503,0.021698780272229098,0.03051529079017147,0.01869365388014849,0.010554769901596841,0.06125154675623122,0.017073242590301102,0.006334335042130694,0.019039832655706794,0.03934653231983973,0.1152112427081492,0.0568469742501915,0.022626834010959874,0.0298818572859584,0.3997039066643097,0.028018384302633904,0.030750986977785635,0.05074096988981203,0.04536415060986389,0.06070649932237346,0.07310264568970597,0.04207176948912851,0.041718225207707266,0.02723027517529904,45528,63753,0.3997039066643097,0.10087060279299982,0.2988333038713099,0.48831094219550997,0.44907489246361443,0.03923604973189559,0.3377231748276472,8.0,2.8,6.8,23.5,27.5,9.5,29.8,0.19296152259737198,0.6348624123504802,0.1651199104354487,0.009751929762536091,0.09136173472394084,0.06049289965234812,0.9455983736963055,0.054401626303694536,0.11159477932944435,0.050107536385598964,0.06706293088209299,0.09400595132873726,0.13512020505568323,0.12541983383418773,0.11070355312002829,0.06718814448176301,0.21929320605739203,0.019503859525072182
0500000US06003-Alpine County,1146,3.71,0.11691762621789195,0.5340314136125655,0.46596858638743455,0.09162303664921466,0.9083769633507853,0.25654450261780104,0.006980802792321117,0.007853403141361256,0.0,0.0,0.04537521815008726,0.04537521815008726,0.0,0.5916230366492147,0.3193717277486911,0.09947643979057591,0.06893542757417102,0.06631762652705062,0.05148342059336824,0.03315881326352531,0.26090750436300175,0.23734729493891799,0.22164048865619546,0.012216404886561954,0.01832460732984293,0.0,0.0,0.053228621291448515,0.03577661431064572,0.013089005235602094,0.004363001745200698,0.029668411867364748,0.0506108202443281,0.05148342059336824,0.015706806282722512,0.034904013961605584,0.26090750436300175,0.009598603839441536,0.017452006980802792,0.019197207678883072,0.027923211169284468,0.03228621291448516,0.04450261780104712,0.02356020942408377,0.04450261780104712,0.041884816753926704,64688,92738,0.26090750436300175,0.04886561954624782,0.21204188481675393,0.38830715532286214,0.3193717277486911,0.06893542757417102,0.42670157068062825,17.8,3.2,7.9,28.7,26.1,4.1,30.0,0.20855148342059338,0.5357766143106457,0.2556719022687609,0.013961605584642234,0.10907504363001745,0.08376963350785341,0.9764397905759162,0.02356020942408377,0.08464223385689354,0.06893542757417102,0.09947643979057591,0.06282722513089005,0.07940663176265271,0.12216404886561955,0.07242582897033159,0.059336823734729496,0.32024432809773123,0.030541012216404886
0500000US06045-Mendocino County,87422,2.5,0.8398944080047033,0.4968886550296264,0.5031113449703736,0.2479810573997392,0.7520189426002608,0.03247466312827435,0.01906842671181167,0.005845210587723914,0.0019445906064834938,0.002058978289217817,0.035025508453249754,0.034739539246413945,0.00028596920683580793,0.6556015648234998,0.43137882912767955,0.13880945299810116,0.09573105168035506,0.08998879000709203,0.06382832696575233,0.04302120747637894,0.38994761044130766,0.334789869826817,0.3027270023563863,0.030598705131431446,0.03469378417332022,0.031227837386470225,0.009768708105511198,0.053441925373475786,0.012353869735306902,0.0070805975612546045,0.01644894877719567,0.037347578412756516,0.09581112305826908,0.049438356477774476,0.02729290110040951,0.025874493834503902,0.38994761044130766,0.026183340577886575,0.02922605293861957,0.04538903250897943,0.04448536981537828,0.052355242387499716,0.07349408615680264,0.045263206057971676,0.045686440484088674,0.027864839514081124,49233,67340,0.38994761044130766,0.10953764498638786,0.2804099654549198,0.47526938299283933,0.43137882912767955,0.0438905538651598,0.33663151151883963,9.2,6.0,7.1,25.8,28.5,7.9,24.6,0.21540344535700395,0.5737457390588181,0.20116217885658072,0.01061517695774519,0.0847383953695866,0.07126352634348333,0.8704902656081993,0.1295097343918007,0.12560911441056027,0.053807965958225616,0.05902404429091075,0.05465443481045961,0.11403308091784677,0.11574889615886161,0.12089634188190615,0.07326531079133398,0.26010615176957746,0.02285465901031777
0500000US06087-Santa Cruz County,273765,2.73,0.9908972120653116,0.4957792267090388,0.5042207732909613,0.3348711486128614,0.6651288513871386,0.0013149964385513122,0.04425693569302139,0.00861687944039596,0.000613665004657279,0.002023633408215075,0.03284568882070389,0.03233064854893796,0.0005150402717659306,0.5754570525815937,0.4927729987397951,0.20423355797855824,0.09298485927711723,0.09985936843643271,0.05227841396818439,0.043416799079502494,0.3497744415831096,0.32032582689532996,0.30212043175716397,0.025025112779208446,0.030734388983252058,0.042974814165433854,0.01305499242050664,0.05184738735777035,0.014811973773126586,0.011951856519277482,0.021102040070863696,0.06024875349295929,0.12356948477708984,0.0560188482822859,0.024995890636129527,0.016437455481891402,0.3497744415831096,0.017872993260643254,0.014779098862162804,0.025901777071575986,0.02459773893667927,0.033517798111519004,0.052428177451463845,0.04215294139133929,0.05718408123755776,0.08133983526016839,78041,109141,0.3497744415831096,0.10279254104797911,0.2469819005351305,0.5257465344364692,0.4927729987397951,0.032973535696674154,0.3001917703139554,6.3,9.1,4.5,15.8,21.7,8.9,40.099999999999994,0.19613537157781308,0.6506127518126861,0.1478896133545194,0.008989461764652165,0.05913465928807554,0.04260588460906252,0.8211422205175972,0.17885777948240278,0.1060982959837817,0.05667634650156156,0.08303106679086078,0.10084196299746133,0.12257593191240662,0.11641371249063978,0.12675835114057676,0.07134586232717842,0.1996274176757438,0.016631052179789236
0500000US06037-Los Angeles County,10098052,3.0,0.9944504028097321,0.49284634303725117,0.5071536569627488,0.48460861560229634,0.5153913843977036,0.0020109819200772585,0.1437465364606956,0.07877806531398333,0.002457998829873326,0.002963343821164716,0.02211119530776827,0.020767668853359043,0.0013435264544092267,0.26332326274414114,0.48223736617715973,0.17839856637696064,0.09134702415871893,0.10924196072668273,0.03668737297054917,0.06656244194424826,0.3274006709412865,0.2960941377604314,0.26879936843264424,0.0022369660999963163,0.02813928864695884,0.046349137437596874,0.0163464200818138,0.050151454953886156,0.028107599366689735,0.02139273990666715,0.029250195978392665,0.06226527651075673,0.0994130353062155,0.05438296415982013,0.028752278162164347,0.01545000956620148,0.3274006709412865,0.019045158412731484,0.016711440978913555,0.029398145305649048,0.027969552939517445,0.03822915548464199,0.052941993168583404,0.039294014330684766,0.049574214907984235,0.05423699541258056,64251,94484,0.3274006709412865,0.10986831915700176,0.21753235178428473,0.51760834663953,0.48223736617715973,0.03537098046237037,0.2856752965819546,6.8,12.6,8.7,20.7,19.2,7.0,31.799999999999997,0.22210422366610907,0.645245043301421,0.12595617451761984,0.006618306184202656,0.04668137973541828,0.045039577930476096,0.657661101368858,0.3423388986311419,0.12206809788660229,0.0620509777529369,0.06485438973774348,0.07312459868497409,0.15943025446888173,0.13739818333278536,0.13565368845397113,0.062509184939828,0.16506718325475053,0.017843441487526507
0500000US06065-Riverside County,2383286,3.27,0.968306903192746,0.4977111433541757,0.5022888566458243,0.4844223479683093,0.5155776520316907,0.004222741206888305,0.061975776302130754,0.0606318335273232,0.002452915848118942,0.002242701883030404,0.024687343440946658,0.023564523938797106,0.0011228195021495532,0.35936433982325244,0.4228594469988075,0.12472023919915612,0.08969800519115205,0.09816782375258362,0.047446676563366715,0.06282670229254902,0.3014111608929856,0.27576044167590463,0.2553797571923806,0.006391175880695812,0.03678282841421466,0.03619666292673225,0.012207934758984025,0.05449199130947775,0.027339144357832003,0.006158304122963002,0.02130671686067052,0.04352142378212267,0.08756062008504224,0.048668938599899465,0.022073725100554446,0.020159980799618678,0.3014111608929856,0.016662708546099796,0.012600669831484765,0.026927108202708362,0.0274327126496778,0.03651638955626811,0.05241964246003207,0.03952568009042977,0.04890139076887961,0.04042485878740529,63948,84391,0.3014111608929856,0.11532396867182537,0.18608719222116019,0.4625982781755945,0.4228594469988075,0.03973883117678701,0.3087376001033867,8.6,9.1,9.2,26.9,24.9,8.0,21.8,0.2571311206460324,0.597290463670747,0.13653963477316614,0.009098782101686496,0.05514277346487161,0.04896223113801701,0.7833923414982508,0.21660765850174926,0.13737797310100425,0.07460120187002316,0.07455966258350866,0.07139428503335311,0.13800987376252788,0.12739847420745978,0.12750630851689643,0.05960929573706219,0.17278580917271363,0.016757116015450935
0500000US06085-Santa Clara County,1922200,2.97,0.9940399989210791,0.5048741025907814,0.4951258974092186,0.257754135885964,0.742245864114036,0.0015622723962126729,0.35650036416605974,0.023607845177400895,0.003241598168764957,0.002467485173238997,0.03444594735199251,0.03250130059307044,0.0019446467589220684,0.32042035168036626,0.5128696285506191,0.2722625117053376,0.07620070752263032,0.08993549058370617,0.03133388825304339,0.04313703048590157,0.3306237644365831,0.3149859535948393,0.2998756633024659,0.002747372801997711,0.026056081573197377,0.08602798876287587,0.010596191863489752,0.043956924357507025,0.014774217042971594,0.02650504630111331,0.024412131932161064,0.1057340547289564,0.0967396732910207,0.04193684320049943,0.020848506919155133,0.012534595775673707,0.3306237644365831,0.010640932265112892,0.009114556237644365,0.015133700967641245,0.01523046509208199,0.023012693788367497,0.03705493705129539,0.03401779211320362,0.05965508271771928,0.12676360420351682,116178,154183,0.3306237644365831,0.12173134949536989,0.2088924149412132,0.5386723545936948,0.5128696285506191,0.025802726043075642,0.26070700239309125,4.8,6.7,5.2,14.5,15.4,6.9,51.3,0.2249152013318073,0.6440058266569556,0.12617469566122153,0.005075434398085527,0.033750390177921134,0.040135261679325775,0.6126027468525648,0.3873972531474352,0.1238944958901259,0.06486213713453334,0.059259702424305484,0.06329310165435438,0.15862345229424618,0.14617469566122152,0.14015815211736551,0.06243887212568931,0.16372177713037145,0.01757361356778691
0500000US06041-Marin County,260295,2.4,0.9428959996290944,0.4883420734167003,0.5116579265832997,0.15880059163641252,0.8411994083635874,0.0016711807756583875,0.056916191244549455,0.02150252598013792,0.0011218041068787338,0.009423922856758677,0.03672371732073225,0.03565954013715208,0.0010641771835801686,0.7138400660788721,0.5049078929675944,0.27609058952342536,0.07254845463800688,0.10121208628671315,0.028855721393034824,0.026201041126414262,0.40437964617069094,0.380764133002939,0.36602316602316604,0.0034614571928004764,0.02948577575443247,0.02356941162911312,0.012266851072821222,0.04667780787183772,0.015267292879233178,0.019120613150463896,0.0507885284004687,0.101231295261146,0.10937590042067653,0.046312837357613476,0.030330970629478093,0.017019151347509556,0.40437964617069094,0.013246508768896829,0.011052843888664784,0.021029985209089688,0.021337328800015366,0.030188824218674967,0.04704662018094854,0.04105726195278434,0.06822259359572792,0.1511976795558885,110217,168429,0.40437964617069094,0.11649474634549262,0.2878848998251983,0.5246892948385485,0.5049078929675944,0.01978140187095411,0.29286386599819436,3.8,3.9,2.9,10.9,17.0,6.5,58.800000000000004,0.202758408728558,0.5727539906644384,0.2062659674599973,0.0048099271979869,0.03418044910582224,0.04864480685376208,0.815636105188344,0.184363894811656,0.10557252348297125,0.06163775716014522,0.055210434314911926,0.04555984555984556,0.08738546648994411,0.1222728058548954,0.15890432009834995,0.07848402773775909,0.2592135845867189,0.025759234714458595
0500000US06093-Siskiyou County,43540,2.23,0.6780357840097384,0.49853008727606796,0.501469912723932,0.12255397335783187,0.8774460266421681,0.029467156637574644,0.015411116214974737,0.014216812126779972,0.002756086357372531,0.0007579237482774461,0.04795590261828204,0.047358750574184656,0.0005971520440973818,0.7668810289389068,0.3841295360587965,0.12735415709692238,0.07790537436839688,0.07891593936610014,0.057005052824988516,0.04294901240238861,0.4422829581993569,0.3778824069820854,0.34400551217271474,0.04122645842903078,0.02294441892512632,0.021933853927423058,0.007533302710151585,0.04370693615066605,0.01587046394120349,0.005902618282039504,0.011254019292604502,0.024552135966926965,0.09478640330730363,0.039825447864033074,0.020762517225539734,0.03383096003674782,0.4422829581993569,0.03569131832797428,0.03001837390904915,0.061552595314653194,0.05039044556729444,0.06589343132751493,0.0804777216352779,0.049540652273771246,0.04453376205787781,0.02418465778594396,44200,63208,0.4422829581993569,0.10592558566835095,0.33635737253100595,0.4172025723472669,0.3841295360587965,0.03307303628847037,0.4056040422599908,7.9,3.2,6.8,25.5,30.5,11.4,22.6,0.20181442351860357,0.556293063849334,0.23934313275149288,0.008681672025723473,0.09448782728525494,0.08998621956821314,0.9482085438677078,0.05179145613229214,0.11373449701423978,0.053031694993109786,0.056476802939825446,0.046577859439595776,0.1019522278364722,0.09843821773082223,0.116789159393661,0.08654111162149747,0.29928801102434544,0.027170418006430868
0500000US06089-Shasta County,179085,2.49,0.7641381608174145,0.49059943602200073,0.5094005639779993,0.0983052740318843,0.9016947259681157,0.02241393751570483,0.0297400675656811,0.011949632855906413,0.0010162771868107324,0.0008431750286176955,0.03401736605522517,0.03273864366083145,0.0012787223943937236,0.8017142697601698,0.4042326269648491,0.13184242119663847,0.08834352402490438,0.0982047631013206,0.04248820392551023,0.043353714716475415,0.39351704497864143,0.3464332579501354,0.31000921350196836,0.008119049613312114,0.030683753524862495,0.02279922941619901,0.007945947455119078,0.05311444286232794,0.01727671217578245,0.006817991456570902,0.022101236842839992,0.03797637993131753,0.10668118491219253,0.04067342323477678,0.023826674484183488,0.02621660105536477,0.39351704497864143,0.02362565262305609,0.027556746796214088,0.043873021191054525,0.04210849596560293,0.05669933271909987,0.07261356339168551,0.04528575815953318,0.045793896752938545,0.03596057737945668,50905,69130,0.39351704497864143,0.10823910433592987,0.28527794064271156,0.43116955635592036,0.4042326269648491,0.026936929391071278,0.3776754055336851,6.2,2.4,6.8,24.8,32.2,11.6,22.2,0.21494820895105676,0.581349638439847,0.19567802998576095,0.007722589831644191,0.08903034871708965,0.0800960437780942,0.9454839880503672,0.054516011949632855,0.11956891978669347,0.058631376162157633,0.06035122986291426,0.05702878521372533,0.12719658262836084,0.10661417762515008,0.12423709411731859,0.07225060725353882,0.2508306111622972,0.02329061618784376
0500000US06015-Del Norte County,27424,2.48,0.9357831152020709,0.5314687864644108,0.46853121353558924,0.19471995332555425,0.8052800466744457,0.06713098016336055,0.0341671528588098,0.02764002333722287,0.0006198949824970829,0.004667444574095682,0.044887689614935826,0.043939614935822636,0.0009480746791131855,0.6261668611435239,0.321725495915986,0.10549154025670945,0.10162631271878647,0.05568115519253209,0.029900816802800465,0.029025670945157525,0.3573147607934656,0.3125364644107351,0.2743217619603267,0.01389294049008168,0.013820011668611435,0.011741540256709452,0.003026546091015169,0.03726662777129522,0.005980163360560093,0.0022243290548424736,0.009735997666277713,0.017758168028004666,0.0905046674445741,0.04178821470245041,0.012616686114352392,0.0613696032672112,0.3573147607934656,0.0320522170361727,0.030228996499416568,0.04703908984830805,0.04065781796966161,0.036573803967327886,0.07336639439906652,0.04156942823803967,0.034057759626604435,0.021769253208868144,45258,61652,0.3573147607934656,0.10625729288214703,0.25105746791131855,0.35075116686114355,0.321725495915986,0.029025670945157525,0.45117415402567096,8.3,4.5,14.5,31.5,26.9,8.3,14.3,0.21619749124854143,0.5065635939323221,0.16558488914819136,0.012069719953325554,0.10067823803967328,0.0739862893815636,0.929769544924154,0.07023045507584598,0.11417007001166861,0.06742269544924154,0.05589994165694282,0.05374854142357059,0.14881126021003502,0.12572928821470244,0.12288506417736289,0.07843494749124855,0.21061843640606767,0.02227975495915986
0500000US06021-Glenn County,27897,2.75,0.6528721868066073,0.507975768003728,0.492024231996272,0.4123740904039861,0.5876259095960139,0.014840305409183784,0.029393841631716672,0.00799369107789368,0.0006093845216331506,0.0,0.01476861311252106,0.014696920815858336,7.169229666272359e-05,0.5200200738430656,0.39409255475499155,0.08814567874681865,0.07201491199770585,0.06982829694949277,0.09276983188156433,0.07133383517940997,0.3590708678352511,0.29899272323188875,0.2504928845395562,0.09330752410653476,0.01978707387891171,0.03258414883320787,0.0071333835179409975,0.05022045381223787,0.020826612180521203,0.0017923074165680898,0.007276768111266444,0.016632612825751875,0.06986414309782414,0.031687995124923825,0.02315661182205972,0.019822920027243073,0.3590708678352511,0.030720149119977058,0.03093522600996523,0.04419830089256909,0.02874861096175216,0.05351829945872316,0.07226583503602538,0.038355378714557124,0.04161737821271105,0.018711689428970855,47395,60614,0.3590708678352511,0.12997813384951787,0.22909273398573324,0.4229845503100692,0.39409255475499155,0.028891995555077606,0.34193640893286015,6.8,13.8,10.9,28.2,24.6,8.6,13.9,0.2673405742552963,0.5691651432053626,0.15259705344660715,0.013047997992615693,0.08334229487041617,0.06929060472452235,0.8115926443703624,0.1884073556296376,0.1366096712908198,0.08413091013370613,0.0728035272609958,0.06394952862314944,0.12356167329820411,0.12133921210165968,0.1212316736566656,0.05921783704340969,0.19951966161235976,0.017636304979030005
0500000US06007-Butte County,227075,2.55,0.8781719635378172,0.4954882747990752,0.5045117252009248,0.16011449961466476,0.8398855003853353,0.007653858857205769,0.04359793019927337,0.014545854893757568,0.0015017064846416382,0.0017879555213035341,0.04685236155455246,0.04557965429924034,0.0012727072553121216,0.7239458328746009,0.417958824177034,0.15116591434548057,0.09057800286249036,0.0902124848618298,0.03770120004403831,0.04830122206319498,0.3822393482329627,0.34708796653088186,0.31814598700869756,0.01669932841572168,0.024247495320929208,0.027435869206209402,0.007662666519872289,0.05647032918639216,0.01447539359242541,0.007398436639876693,0.02199713750963338,0.03906638775734889,0.1147021909060883,0.049300891775844985,0.020033028734999448,0.01846966861169217,0.3822393482329627,0.02902124848618298,0.02824177034019597,0.04694484201255092,0.03859517780469008,0.05351535836177474,0.06320819112627986,0.04142684135197622,0.04649565121655841,0.034790267532753494,48443,69621,0.3822393482329627,0.10208961796763184,0.28014973026533085,0.4579676318397005,0.417958824177034,0.04000880766266652,0.3637520642959375,8.7,3.9,6.8,22.7,29.8,10.3,26.5,0.20073984366398767,0.615263679401079,0.17270064956512166,0.011335461851811076,0.08995706264450072,0.06669602554222173,0.92440383133326,0.07559616866674006,0.11617747440273038,0.05096113618848398,0.0687658262688539,0.11281294726411978,0.12635913244522734,0.10597820103490037,0.11039524386216008,0.06607508532423208,0.21902014752834967,0.02345480568094242
0500000US06063-Plumas County,18699,2.28,0.11857287180305205,0.5039306914808278,0.49606930851917214,0.087116958126103,0.912883041873897,0.020696293919460932,0.010695759131504359,0.010374886357559229,0.0021926306219583933,0.006738328252847746,0.029466816407294507,0.029466816407294507,0.0,0.8327183271832719,0.4030162040750842,0.13979357184876195,0.09904272955773036,0.06882721001123054,0.05214182576608375,0.04321086689127761,0.4303438686560779,0.3624792769666827,0.326434568693513,0.01673886304080432,0.041125193860634256,0.02508155516337772,0.0022461094176159154,0.04208781218246965,0.024225894432857373,0.0037435156960265257,0.01256751697951762,0.02855767688111664,0.09786619605326488,0.04984223755281031,0.024546767206802503,0.03438686560778651,0.4303438686560779,0.02149847585432376,0.032622065351088296,0.04604524306112626,0.038504732873415694,0.0635862880367934,0.08011123589496764,0.05652708701000053,0.05604577784908284,0.03540296272527943,53270,71648,0.4303438686560779,0.09011177068292422,0.3402320979731536,0.4306112626343655,0.4030162040750842,0.027595058559281245,0.4242472859511204,6.4,1.5,4.6,25.2,32.7,12.6,23.5,0.16380555109898925,0.5654847852826355,0.26242045029145944,0.011872292635969837,0.09021872827423927,0.08032515107759773,0.9596235092785711,0.04037649072142895,0.09369484999197818,0.04422696400877052,0.053050965292261616,0.03732819936895021,0.09166265575699235,0.09861489919247018,0.11824161719878068,0.0851382426867747,0.35568746991817746,0.02235413658484411
0500000US06079-San Luis Obispo County,281455,2.52,0.8875105523981759,0.5072533797587536,0.4927466202412464,0.2238439537403848,0.7761560462596152,0.004842692437512213,0.03525963297862891,0.017452168197402782,0.0009166651862642341,0.0008669236645289655,0.025503188786839815,0.02471087740491375,0.0007923113819260628,0.6913147750084383,0.45960455490220464,0.18100939759464213,0.09527988488390685,0.09515553107956867,0.04870760867634258,0.0394521326677444,0.37418770318523387,0.3462152031408218,0.32243875575136344,0.015572649268977279,0.039143024639818086,0.03206906965589526,0.010346236520935852,0.05140786271340001,0.020028068430122045,0.007304897763408005,0.020479295091577695,0.049901405197989024,0.10629763194826881,0.057678847417882075,0.02326482030875273,0.026110745945177736,0.37418770318523387,0.020070704020180845,0.015231564548506866,0.028121724609617878,0.026416301007265816,0.04217370449983123,0.0653461476967899,0.049027375601783586,0.06701604164075962,0.06078413956049813,70699,93008,0.37418770318523387,0.09466166882805421,0.27952603435717965,0.48154411895329624,0.45960455490220464,0.02193956405109165,0.3532429695688476,4.6,4.1,5.0,19.8,25.9,10.5,34.599999999999994,0.17916185535876072,0.613071361318861,0.1844451155602139,0.007173438027393367,0.04810715744968112,0.05704641949867652,0.8965696114831856,0.10343038851681441,0.0978344673215967,0.05089978859853263,0.07981382459007656,0.10505409390488711,0.1164342434847489,0.1067204348830186,0.11547494270842586,0.06944627027411131,0.23554031727984936,0.02278161695475298
0500000US06029-Kern County,883053,3.18,0.9000241058346118,0.5125921094203859,0.48740789057961414,0.5275357198265562,0.4724642801734437,0.004758491279685364,0.04560654909727955,0.051019587725765043,0.00130569739302171,0.0011765998190369094,0.020905879941521065,0.019263849395223163,0.0016420305462979006,0.3476914749171341,0.3843302723619081,0.10265069027566862,0.07154383711962929,0.07436020261524506,0.08085811383914669,0.054917428512218404,0.3033940205174548,0.25900144158957616,0.23295883712529147,0.06349675500791006,0.025697211832132385,0.020069010580338893,0.011678800706186378,0.04129423715224341,0.02080735810874319,0.003909165135048519,0.013598277793065649,0.031016258367278067,0.0771799654154394,0.03355404488745296,0.01748026449148579,0.024548922884583373,0.3033940205174548,0.020006726663065525,0.017719208246843622,0.03400701883125928,0.03242047759307765,0.04160339186889122,0.05391748853126596,0.03452680643177703,0.03998967219408121,0.029203230157193283,52479,71440,0.3033940205174548,0.13385606526448582,0.16953795525296897,0.4285586482351569,0.3843302723619081,0.04422837587324883,0.3089372891547846,10.3,13.6,12.6,27.7,22.8,7.2,16.1,0.29144456787984413,0.5740991763801266,0.10221017311531698,0.010507863061447048,0.058960220960689785,0.03861263140491001,0.8003019071335469,0.1996980928664531,0.16253837538630184,0.08256129586785844,0.07469880063824029,0.07763293935924571,0.15344492346439,0.12567082609990568,0.11594094578694597,0.0557203248276151,0.14030641422428777,0.011485154345209178
0500000US06059-Orange County,3164182,3.02,0.9854922958523684,0.49378607172406647,0.5062139282759336,0.3413820696786721,0.6586179303213279,0.002006205711302321,0.19898886979320407,0.015932079760266636,0.0026992758317947577,0.001858616223719116,0.02753697480107023,0.026198240177082104,0.001338734623988127,0.40959590819997077,0.4987320577640603,0.20804997942596223,0.08623397769154871,0.11797677883257031,0.03211920173997577,0.05435212007400333,0.32626852690521596,0.3080056709759426,0.2912237665216476,0.002771964444523103,0.028491723927384707,0.06286111228747272,0.01774992715336855,0.05241196618904981,0.017454432140755493,0.010105613393919818,0.04272857882384768,0.07184005218410319,0.09620116668383803,0.05481953945759125,0.02738274852710748,0.013913232551098515,0.32626852690521596,0.013833275077097335,0.009577198783129416,0.019858212959937196,0.02087237712622093,0.030367406173222655,0.04964411023133309,0.041853155096641094,0.05978322359459728,0.08047956786303695,85398,117194,0.32626852690521596,0.11459865456538214,0.2116698723398338,0.5254154154217425,0.4987320577640603,0.026683357657682143,0.27622241704175043,5.1,8.2,6.7,17.1,20.3,7.8,39.8,0.22446464836725574,0.6329961424469263,0.13725980363961365,0.006528701572791957,0.036677409832936284,0.04200327288379745,0.6980887951451592,0.30191120485484085,0.11962143770491078,0.06522380823859057,0.06598640659734491,0.06920998855312369,0.1432032038612191,0.13144597877113262,0.14335711409773522,0.06691208027856804,0.1760470794663518,0.018992902431023247
0500000US06009-Calaveras County,45235,2.57,0.8126347892386451,0.4959434066541395,0.5040565933458605,0.11709959102464905,0.8829004089753509,0.008267934121808334,0.012556648612799823,0.006609925942301315,0.0027854537415717916,0.0011495523377915331,0.03568033602299105,0.0352603072841826,0.0004200287388084448,0.8158505581960871,0.37833535978777494,0.12718028075605173,0.07427876644191445,0.09225157510777053,0.043705095611805016,0.040919641870233225,0.3850337128329833,0.3332154305294573,0.29992262628495636,0.011163921742013928,0.0438819498176191,0.030529457278655907,0.007648944401459047,0.04229026196529236,0.019122361003647618,0.007251022438377362,0.01576213109318006,0.04737482038244722,0.0784790538299989,0.02982204045539958,0.01658008179507019,0.028429313584613685,0.3850337128329833,0.01664640212225047,0.017508566375594118,0.037161489996683984,0.03979219630816845,0.05471426992373162,0.06450757157068641,0.04954128440366973,0.05654913230905272,0.04861279982314579,58151,79782,0.3850337128329833,0.08062341107549464,0.3044103017574887,0.4030065214988394,0.37833535978777494,0.02467116171106444,0.44859069304741905,6.1,3.3,6.3,27.6,31.8,12.3,18.7,0.17000110533878635,0.5530452083563612,0.26826572344423566,0.008511108654802696,0.09868464684425776,0.10509561180501824,0.9432740134851332,0.05672598651486681,0.09581076599977893,0.04257765004974025,0.05126561291035702,0.045407317342765555,0.08685752183044103,0.09311373936111418,0.12994362772189677,0.08767547253233116,0.3402011716591135,0.02714712059246159
0500000US06101-Sutter County,95872,2.93,0.9082612327396852,0.49846670560747663,0.5015332943925234,0.30617907209612816,0.6938209279038718,0.007051068090787717,0.15157710280373832,0.018702019359145526,0.003828020694259012,0.002200851134846462,0.04349549399198932,0.04130507343124166,0.0021904205607476634,0.4669663718291055,0.40328771695594123,0.12077561748998665,0.07295143524699599,0.0833715787716956,0.06753796728971963,0.05865111815754339,0.3375333778371162,0.2995973798397864,0.2767961448598131,0.044121328437917225,0.029914886515353806,0.03000876168224299,0.013267690253671562,0.04976426902536716,0.022498748331108143,0.0036089786381842456,0.015541555407209614,0.030572012683578103,0.08775241989319092,0.035787299732977305,0.01603179238985314,0.02441797396528705,0.3375333778371162,0.01661590453938585,0.0162821261682243,0.03425400534045394,0.03427486648865154,0.04747997329773031,0.06469042056074767,0.041294642857142856,0.05071345126835781,0.031927987316421894,56955,75716,0.3375333778371162,0.1359312416555407,0.20160213618157544,0.4465120160213618,0.40328771695594123,0.04322429906542056,0.3163906041388518,9.7,12.7,9.3,23.9,25.4,10.9,17.700000000000003,0.26184913217623496,0.5804823097463284,0.14473464619492657,0.011035547396528705,0.06602553404539385,0.058870160213618156,0.7775784379172229,0.22242156208277702,0.14428613150867825,0.07333736648865154,0.06866446929238985,0.06471128170894526,0.13855974632843793,0.12142231308411215,0.12226718958611482,0.05946470293724967,0.1886786548731642,0.018608144192256343
0500000US06081-San Mateo County,765935,2.89,0.997574921109927,0.4933199292368151,0.5066800707631849,0.24675984254538572,0.7532401574546143,0.0015027384830305444,0.27740474061114845,0.021983588685723983,0.01341105968522133,0.003232650290168226,0.04004909032750821,0.03791705562482456,0.002132034702683648,0.3956562893718135,0.5351772670004635,0.25944760325615096,0.09083538420362042,0.10869982439763165,0.031962242226820814,0.044232212916239626,0.3420251065690953,0.3234713128398624,0.30674404486020357,0.0026346883221161064,0.027490583404596997,0.04169413853655989,0.011690287034800604,0.049121661759809906,0.029981656406875258,0.024255321926795356,0.04123195832544537,0.1014511675272706,0.10770887869075052,0.05290657823444548,0.02756239106451592,0.01744795576648149,0.3420251065690953,0.009957764040029507,0.007896231403448074,0.01523236305952855,0.016222003172592973,0.023821864779648403,0.03954382552044233,0.03783088643292185,0.06175980990554029,0.1297603582549433,113776,162639,0.3420251065690953,0.11286075189147904,0.22916435467761626,0.5580982720465836,0.5351772670004635,0.022921005046120102,0.25415864270466815,4.1,6.4,4.5,15.0,17.2,7.0,50.0,0.21019015973940347,0.6334806478356518,0.1513235457316874,0.005097038260426799,0.03380574069601206,0.04602479322657928,0.651756350081926,0.348243649918074,0.1189513470464204,0.05741740487117053,0.05307761102443419,0.0552200904776515,0.14622128509599377,0.14373021209371553,0.14228753092625354,0.06727724937494696,0.1927265368471215,0.0230907322422921
0500000US06109-Tuolumne County,53932,2.25,0.9894636366973824,0.5210635615219165,0.47893643847808354,0.12102276941333531,0.8789772305866647,0.013850775050063043,0.013572647037009567,0.01631684343247052,0.0023177334421122897,0.0007416747014759327,0.028128013053474746,0.02760884076244159,0.0005191722910331529,0.8040495438700586,0.3880812875472818,0.1278090929318401,0.10720907809834607,0.0759845731662093,0.03973522213157309,0.03734332121931321,0.41583846325001855,0.36935400133501445,0.32509456352443816,0.011329081065044872,0.0264221612400801,0.01857895127197211,0.003689831639842765,0.03611955796187792,0.021731068753244827,0.006749239783430987,0.01804123711340206,0.03604539049173033,0.08937180152784989,0.06102128606393236,0.025810279611362456,0.033171401023511085,0.41583846325001855,0.024048802195357117,0.026885707928502558,0.03823333086108433,0.04349922124156345,0.05254765259956983,0.07500185418675369,0.05773937550990136,0.056330193577097086,0.041552325150189126,56493,80361,0.41583846325001855,0.09350663798857821,0.32233182526144033,0.4161907587332196,0.3880812875472818,0.02810947118593785,0.4372543202551361,6.8,1.9,7.7,28.4,31.2,10.8,20.1,0.16695097530223243,0.5338203663873026,0.2432322183490321,0.008232589186382852,0.09209745605577394,0.07948898613068309,0.954961803752874,0.04503819624712601,0.09682563227768301,0.04116294593191426,0.04896907216494845,0.05054513090558481,0.12365571460357487,0.10314840910776533,0.11790773566713639,0.0781354298004895,0.3071460357487206,0.03250389379218275
0500000US06077-San Joaquin County,732212,3.16,0.9138716932015294,0.49795960732683975,0.5020403926731603,0.4114327544481653,0.5885672455518347,0.002097753109755098,0.15045369373897177,0.06818517041512567,0.0054069040114065325,0.001459959683807422,0.036075617444128204,0.034252374995219964,0.0018232424489082397,0.32488814714864,0.41724118151573586,0.11564273734929228,0.07655159980989112,0.09065407286414318,0.057514763483799775,0.07687800800860953,0.30964665971057564,0.27456392410941094,0.2475171125302508,0.019670532577996537,0.0333796769241695,0.04166826001212764,0.01450672755977777,0.04973696142647212,0.03448864536500358,0.005617225612254375,0.019660972505230724,0.04013728264491705,0.08467356448678798,0.0333387051837446,0.019736087362676385,0.020626539854577637,0.30964665971057564,0.016316312761877706,0.015503706576783773,0.029830158478691964,0.028327861329778808,0.03847656143302759,0.0546522045527798,0.03930282486492983,0.04835075087542952,0.03888627883727663,61145,81297,0.30964665971057564,0.12995962917843465,0.17968703053214097,0.45683217428832085,0.41724118151573586,0.03959099277258499,0.2988724577035066,8.7,11.2,9.9,28.2,22.9,9.3,18.5,0.27466498773579234,0.5946201373372739,0.11822805417010374,0.00980863465772208,0.06535129170240313,0.046931762932047004,0.7666140407422987,0.2333859592577013,0.15037584743216445,0.07782991811114814,0.07544263136905704,0.07052602251806854,0.13824138364298863,0.12885748936100475,0.1256616936078622,0.0577018677650735,0.16038387789328773,0.014979268299344999
0500000US06005-Amador County,37829,2.42,0.32545093205202386,0.5366782098390124,0.4633217901609876,0.1356631155991435,0.8643368844008564,0.007137381374078088,0.012318591556742182,0.019799624626609214,0.0018239974622644003,0.00026434745829918843,0.03621560178698882,0.03621560178698882,0.0,0.7867773401358746,0.35129133733379153,0.11512331808929657,0.08078458325623199,0.08382457902667266,0.038859076369980705,0.03269978059160961,0.3724655687435565,0.3324697983028893,0.3031272304316794,0.015649369531311956,0.024399270401015093,0.01580797800629147,0.0036744296703587194,0.0416611594279521,0.019165190726691164,0.00708451188241825,0.011710592402654048,0.03476169076634328,0.06954981627851649,0.052499405218218824,0.018187105130984167,0.03714081789103598,0.3724655687435565,0.015675804277141877,0.014539110206455364,0.03909698908244997,0.0416611594279521,0.045282719606650985,0.07295989849057602,0.05149488487668191,0.05696687726347511,0.0347881255121732,61198,78014,0.3724655687435565,0.09022178751751302,0.2822437812260435,0.3844669433503397,0.35129133733379153,0.03317560601654815,0.478495334267361,8.6,2.5,7.2,28.7,29.6,11.7,20.299999999999997,0.1502022258055989,0.5001982605937244,0.2529805175923234,0.006846599169948981,0.06777868830791192,0.09212508921726717,0.9433767744323138,0.05662322556768617,0.08126040868117053,0.045652806048269844,0.05228792725157948,0.040445161119775835,0.09897168838721615,0.11443601469771868,0.13494937746173571,0.07938354172724629,0.3194903381003992,0.03312273652488831
0500000US06047-Merced County,269075,3.31,0.8031201719984008,0.5047514633466506,0.49524853665334945,0.5890327975471523,0.41096720245284774,0.0031218061878658366,0.07242218712254947,0.029872712069125708,0.002066338381492149,0.0018619344049056955,0.019143361516305864,0.018533866022484437,0.0006094954938214252,0.28247886277060297,0.3814475517978259,0.09142060763727586,0.07231812691628728,0.07267118833039116,0.07334757967109543,0.07169004924277618,0.295850599275295,0.26377032425903557,0.23574839728700175,0.04754064851807117,0.0255504970733067,0.043976586453591,0.01183684846232463,0.04256062436123757,0.02109449038372201,0.0038576605035770695,0.010811112143454427,0.025420421815478957,0.08608380563040044,0.028824677134627892,0.01788348973334572,0.016006689584688285,0.295850599275295,0.019436959955402767,0.018942673975657343,0.03206169283656973,0.03187587103967295,0.0453256526990616,0.05557558301588776,0.03502740871504227,0.033165474310136576,0.024439282727863977,50129,69764,0.295850599275295,0.13449410015794852,0.16135649911734645,0.43686704450432035,0.3814475517978259,0.055419492706494475,0.29871225494750536,12.7,18.5,12.1,25.8,22.4,7.1,13.899999999999999,0.2970547245191861,0.5850190467341819,0.1077060299173093,0.015371179039301311,0.06979466691442907,0.04939143361516306,0.7426739756573446,0.2573260243426554,0.16404348230047386,0.08361609216761126,0.08673418191953916,0.0782830065966738,0.14311623153395894,0.12254575861748583,0.1142766886555793,0.053074421629657156,0.14189724054631608,0.012412896032704636
0500000US06049-Modoc County,8938,2.31,0.16016287750254496,0.5161109867979414,0.4838890132020586,0.14455135377041844,0.8554486462295816,0.03255761915417319,0.014544640859252628,0.016670396061758783,0.0006712911165808906,0.00044752741105392703,0.011635712687402103,0.01074065786529425,0.0008950548221078541,0.77892145893936,0.34963078988588053,0.13202058626090848,0.07149250391586484,0.06153501901991497,0.05616469008726784,0.02841799060192437,0.40948758111434325,0.31091966882971583,0.2840680241664802,0.07126874021033788,0.010964421570821213,0.0020138733497426717,0.010516894159767285,0.027075408368762585,0.012866413067800403,0.0017901096442157081,0.008503020810024613,0.01913179682255538,0.08793913627209667,0.0380398299395838,0.02920116357126874,0.030319982098903558,0.40948758111434325,0.03222197359588275,0.018572387558737972,0.05616469008726784,0.06422018348623854,0.053815171179234726,0.08212127992839562,0.04743790557171627,0.042738867755650035,0.012195121951219513,45149,54126,0.40948758111434325,0.09286193779368987,0.3166256433206534,0.3802864175430745,0.34963078988588053,0.030655627657194002,0.4508838666368315,8.1,7.0,7.4,32.3,26.1,11.4,15.9,0.1903110315506825,0.5312150369210115,0.2534123965092862,0.0022376370552696354,0.070597449093757,0.10405012307003804,0.9278362049675543,0.07216379503244574,0.10718281494741552,0.05191317968225554,0.054933989706869545,0.028194226896397404,0.12474826583128217,0.09767285746251958,0.11747594540165585,0.0773103602595659,0.3123741329156411,0.028194226896397404
0500000US06027-Inyo County,18085,2.16,0.8344143245190975,0.5022947193807022,0.49770528061929775,0.21714127730163119,0.7828587226983688,0.10749239701410009,0.015980094000552943,0.008847110865358032,0.0019353055017970694,0.0015482444014376555,0.01730716063035665,0.017251866187448162,5.52944429084877e-05,0.6297484102847664,0.44733204312966546,0.1465302737074924,0.09239701410008294,0.10118883052253248,0.06414155377384573,0.04307437102571192,0.44694498202930605,0.4012164777439867,0.3479679292231131,0.022449543820846005,0.04163671551009124,0.011556538567873928,0.004147083218136578,0.05131324301907658,0.03433784904617086,0.006082388719933647,0.014155377384572851,0.020016588332872547,0.11440420237766105,0.06801216477743986,0.022726016035388444,0.03649433231960188,0.44694498202930605,0.013270666298037047,0.03173901022947194,0.04390378766933923,0.05883328725463091,0.06546862040364944,0.09217583632844899,0.0503179430467238,0.05999447055570915,0.03124136024329555,52874,68448,0.44694498202930605,0.08847110865358032,0.3584738733757257,0.47204865910975946,0.44733204312966546,0.024716615980094,0.34990323472491014,5.2,4.2,6.9,29.3,25.6,7.9,26.1,0.20099529997235277,0.5533314901852364,0.22333425490738182,0.00552944429084877,0.049433231960188,0.08266519214818911,0.9083218136577274,0.09167818634227261,0.11716892452308543,0.049101465302737075,0.05833563726845452,0.04307437102571192,0.11318772463367431,0.11158418578932817,0.11722421896599391,0.07763339784351672,0.28061929776057504,0.032070776886922864
0500000US06099-Stanislaus County,539301,3.09,0.9324410707151418,0.49479604154266354,0.5052039584573365,0.45609594641953194,0.543904053580468,0.0048210554031978435,0.053029755183098125,0.026586266296557953,0.006881129462025844,0.001683660886962939,0.02480247579737475,0.02367694478593587,0.001125531011438881,0.4260997105512506,0.41263042345554707,0.11488945876236091,0.07285727265478832,0.08773393707780998,0.06011670662579895,0.07703304833478893,0.3201959573596192,0.28771502370661284,0.26508758559691153,0.022395656599932135,0.032328884982597846,0.050513535113044475,0.016150535600712775,0.0530779657371301,0.025966946102454844,0.0048210554031978435,0.015451482567249087,0.03649538940220767,0.08790638252107821,0.03360646466444527,0.019273096100322455,0.014643028661174373,0.3201959573596192,0.016428673412435726,0.016649329409735937,0.030736082447464404,0.03223802663076834,0.04349333674515716,0.05978108699965325,0.04174292278338071,0.04798248102636561,0.031144017904658067,57387,75761,0.3201959573596192,0.1312958811498588,0.1889000762097604,0.4610820302576854,0.41263042345554707,0.04845160680213832,0.29668774951279525,10.5,11.6,10.1,28.6,25.1,7.7,16.9,0.2719464640339996,0.5995019478918081,0.122755196077886,0.010775058826147179,0.06888731895546273,0.051865284878018024,0.7943059627184077,0.20569403728159227,0.14953430459057188,0.0771443034594781,0.07284058438608496,0.07018714966224798,0.14342083548890136,0.12593894689607474,0.12336524501159835,0.06189678862082585,0.16027227837515598,0.015399563509060802
0500000US06103-Tehama County,63373,2.6,0.4888451846844079,0.49712022470137124,0.5028797752986287,0.24652454515329872,0.7534754548467013,0.01598472535622426,0.015211525413030787,0.006627428084515488,0.0002682530415161031,0.00037871017625802785,0.02797721427106181,0.027361810234642514,0.0006154040364192953,0.6870275985040948,0.3828917677875436,0.09570321745853913,0.08775030375712053,0.08254303883357265,0.05727991415902672,0.05961529357928455,0.3791046660249633,0.31472393606109855,0.2718192290091995,0.02579963075757815,0.030028561059126126,0.033973458728480586,0.0072743913022896185,0.05232512268631752,0.020671263787417356,0.005901566913354268,0.01590582740283717,0.031543401764158235,0.08030233695737933,0.04198949079260884,0.017894055828191816,0.019282659807804584,0.3791046660249633,0.02616256134315876,0.027992993861739226,0.05915768544963944,0.04552411910435043,0.053066763448156154,0.06919350512047717,0.0399223644138671,0.035630315749609454,0.022454357533965567,42899,58939,0.3791046660249633,0.11948306060940779,0.2596216054155555,0.4220882710302495,0.3828917677875436,0.039196503242705884,0.3664967730737065,9.3,7.1,8.5,30.7,30.5,7.7,15.5,0.23918703548829942,0.5651302605210421,0.18724062297823996,0.011740015463998863,0.10786928187082827,0.07956069619554068,0.9122812554242343,0.0877187445757657,0.1286036640209553,0.07042431319331577,0.06109857510296183,0.05608066526754296,0.11894655452637559,0.11050447351395705,0.12633140296340714,0.07083458255092863,0.23396399097407414,0.023211777886481624
0500000US06069-San Benito County,59416,3.33,0.8875513518677749,0.4986199003635384,0.5013800996364616,0.5932408778780126,0.40675912212198734,0.003248283290696109,0.028695974148377542,0.0073044297832233745,0.001329608186347112,0.001413760603204524,0.015029621650733809,0.01413760603204524,0.0008920156186885687,0.34973744445940486,0.4852396660832099,0.13972667295004712,0.0870640904806786,0.10416386158610476,0.08085364211660159,0.07343139894977783,0.29857277501009827,0.2803621920021543,0.2651979264844486,0.03302140837484852,0.05473273192406086,0.058081998114985864,0.01598895920290831,0.058704725999730714,0.02273798303487276,0.0069173286656792786,0.017705668506799516,0.0403258381580719,0.09613572101790764,0.04002288945738522,0.01918675104348997,0.021677662582469368,0.29857277501009827,0.0049649925945873166,0.009997307122660563,0.01578699340245052,0.018934293792917733,0.03263430725730443,0.05382388582200081,0.040729769758987476,0.06478053049683587,0.05692069476235358,81977,101057,0.29857277501009827,0.12834926619092502,0.17022350881917328,0.5238487949373906,0.4852396660832099,0.03860912885418069,0.24431129662043893,7.4,13.9,6.2,24.8,25.7,9.7,19.7,0.2624040662447826,0.6156254207620843,0.11932812710381042,0.006648040931735559,0.047360980207351557,0.03960212737309816,0.7971421839235223,0.2028578160764777,0.13614177999192137,0.0787330012117948,0.07521543018715497,0.06907230375656388,0.13279251380099635,0.12866904537498317,0.1371516089942103,0.06479736098020736,0.16253197791840582,0.01489497778376195
0500000US06017-El Dorado County,186661,2.67,0.7473462593535607,0.49844370275526223,0.5015562972447378,0.12659848602546864,0.8734015139745314,0.005030509854763448,0.04412812531809002,0.0076716614611514996,0.0021214929738938505,0.0009857442100920921,0.031350951725320236,0.03064914470617858,0.0007018070191416525,0.7821130284312202,0.4449188636083595,0.18447881453544127,0.08475793015145103,0.10141915022420324,0.03667075607652375,0.03759221262074027,0.37057553532875104,0.34517119269692115,0.31760785595276997,0.0057323168739051005,0.03435104279951356,0.0308259357873364,0.007521656907441833,0.04989794333042253,0.01845056010628894,0.009809226351514242,0.03426532591167946,0.05742495754335399,0.08920985101333433,0.05507845773889564,0.021729231065943072,0.030622358178730425,0.37057553532875104,0.013891493134613015,0.013050396172740958,0.02732225799711777,0.026191866538805644,0.03661182571613781,0.05699637310418352,0.047905025688279826,0.06900745201193607,0.07959884496493644,80582,104895,0.37057553532875104,0.1041674479403839,0.26640808738836713,0.4742768976915371,0.4449188636083595,0.029358034083177525,0.3466658809285282,6.2,2.3,4.6,21.2,27.1,11.0,33.7,0.2033258152479629,0.5936590932224728,0.19592737636678256,0.007259148938449918,0.06273404728357825,0.06226260440049073,0.9041363755685441,0.09586362443145595,0.10016554073962959,0.0640412298230482,0.0620322402644366,0.052046222831764535,0.10041197679215262,0.11015691547779129,0.1436668613154328,0.08692763887475155,0.2600328938557063,0.020518480025286483
0500000US06075-San Francisco County,870044,2.36,0.999948953489823,0.510284537333744,0.489715462666256,0.15246470293456424,0.8475352970654357,0.0015665874369572114,0.3388863091981555,0.05013424608410609,0.003096395124844261,0.004784815480596383,0.04257026081439559,0.040834716405147325,0.001735544409248268,0.40649668292638075,0.5923631448524442,0.33379116458477964,0.09563424378537178,0.10807959137698783,0.019339251807954542,0.03551889329735048,0.41339633397851144,0.37998652941690303,0.35559351021327656,0.001271200077237473,0.019004785964847754,0.030370877794686245,0.01031557024702199,0.054357021024224066,0.024351641985922552,0.035557971780737524,0.050431932178142715,0.14315712768549638,0.10850140912413625,0.06934247003599818,0.026730832003898652,0.01897030495009448,0.41339633397851144,0.021416158263260248,0.021343748132278368,0.025802143339877064,0.021271338001296484,0.02747332318825255,0.04358400264814193,0.03866126310853244,0.06725636864342494,0.1465879886534474,104552,149265,0.41339633397851144,0.077460450276078,0.33593588370243344,0.6214651213042099,0.5923631448524442,0.029101976451765658,0.2569410282698346,4.7,7.1,4.5,12.3,13.8,5.3,57.099999999999994,0.13410126384412743,0.7126398205148246,0.14841203433389577,0.0031573115842417165,0.04680108132462266,0.05269388674595767,0.6555817866682605,0.34441821333173955,0.08113497708161886,0.03400747548399851,0.035046503395230584,0.0572637705679253,0.23323877872843213,0.15780351338552992,0.13332429164502024,0.05869473268018629,0.18510787960149142,0.02437807743056673
0500000US06107-Tulare County,460477,3.34,0.8047997288676578,0.5000358324085676,0.49996416759143236,0.6409636094745231,0.35903639052547687,0.006013329655987161,0.03214058465460816,0.012747650805577694,0.0012682500971818353,0.0019045468068980644,0.014791183924495686,0.014222208709664109,0.0005689752148315768,0.2901708445807282,0.38489653120568457,0.09883881279629601,0.06914134690766315,0.07424475055214484,0.08426479498433147,0.05840682596524908,0.29557610912162824,0.24808622363331936,0.21744625681630136,0.06880256777211456,0.01923223092575742,0.03170408076842057,0.013323141003785205,0.043557007190369985,0.016802142126534008,0.0034703144782475565,0.012480536487164398,0.02391867563417934,0.08011475057386146,0.03201245664821479,0.01803347398458555,0.0214451536124497,0.29557610912162824,0.020520025973067058,0.02042664454467867,0.03747201271724755,0.032905009370717754,0.042931568786280315,0.052208905113610454,0.03283117289245717,0.033235101861765086,0.023045667861804172,47518,66651,0.29557610912162824,0.13487970083196338,0.16069640828966486,0.424683534682514,0.38489653120568457,0.03978700347682946,0.2969724872252034,9.4,18.9,11.3,26.0,21.9,7.6,14.399999999999999,0.31122727085174723,0.5737116077458809,0.10647654497401607,0.012578261237803407,0.06112357403301359,0.046234665357878894,0.7783515789062212,0.22164842109377883,0.1723278252768325,0.08854296740119484,0.08098558668511131,0.07380824666595726,0.14103418846109578,0.12431239779619829,0.11180145805327954,0.05207426212384115,0.14104504676672233,0.014068020769767002
0500000US06057-Nevada County,99092,2.39,0.7074632850483685,0.49336979776369433,0.5066302022363056,0.09366043676583377,0.9063395632341662,0.005752230250676139,0.009980624066524038,0.006065070843256771,0.0015541113308844307,0.001311912162434909,0.02923545795826101,0.028377669236668953,0.0008577887215920559,0.8524401566221289,0.43765389738828564,0.1805292051830622,0.08643482824042305,0.09787873894966294,0.03712711419690792,0.03568401081822952,0.41278811609413474,0.37771969482904777,0.34819157954224356,0.006236628587575183,0.03606749283494127,0.027065757074234045,0.008123763775077706,0.04865175796229766,0.018397045170144916,0.006569652444193275,0.025350179631049935,0.06102409881726073,0.10023008921002705,0.046330682597989746,0.02801437048399467,0.025592378799499455,0.41278811609413474,0.021041052759052194,0.019517216324223954,0.03494732168086223,0.037086747668833006,0.05436362168489888,0.06826989060670892,0.052809510354014454,0.06712953618859242,0.057623218826948694,63240,86798,0.41278811609413474,0.0937411698219836,0.31904694627215113,0.4676361361159327,0.43765389738828564,0.029982238727647034,0.3807572760666855,6.4,2.0,3.8,18.4,28.7,10.5,36.6,0.17288983974488353,0.5673313688289671,0.2497981673596254,0.007003592620998668,0.06620110604286926,0.07427441165785331,0.9445262987930408,0.055473701206959186,0.08958341743026682,0.051093932910830336,0.05297097646631413,0.041638073709280264,0.09993743188148388,0.10922173333871554,0.12103903443264845,0.08484035038146369,0.31841117345497116,0.031263875994025754
0500000US06039-Madera County,155013,3.28,0.7528142022666167,0.4817853986439847,0.5182146013560153,0.5728938863192119,0.42710611368078805,0.009702412055763065,0.01965641591350403,0.031190932373413843,0.0008773457709998516,0.002857824827595105,0.017488855773386748,0.01612767961396786,0.0013611761594188873,0.3453323269661254,0.37286550160309134,0.08770877281260281,0.06552998780747421,0.08096095166211865,0.08518640372097824,0.053479385599917426,0.288743524736635,0.25212078986923675,0.22162657325514634,0.05945952920077671,0.026694535297039603,0.03504222226522937,0.008612180913858838,0.03795165566758917,0.015256784914813597,0.004896363530800643,0.014489107365188726,0.024178617277260617,0.0767742060343326,0.033384296800913475,0.016721178223761877,0.01940482411152613,0.288743524736635,0.018385554759923362,0.016230896763497257,0.02762348964280415,0.029016921161450975,0.04579615903182314,0.05400192241940999,0.03351331823782522,0.04210614593614729,0.02206911678375362,52884,69614,0.288743524736635,0.12199621967189848,0.1667473050647365,0.40668847128950475,0.37286550160309134,0.0338229696864134,0.3490545954210292,8.3,16.9,11.2,25.0,24.5,7.9,14.5,0.27582202782992393,0.5415997367962687,0.1311244863334043,0.009999161360660074,0.06285924406340114,0.05234399695509409,0.7937979395276525,0.2062020604723475,0.1525936534355183,0.07865791901324405,0.0729164650706715,0.06998122738092934,0.13847870823737363,0.12634424209582423,0.11653861289053176,0.05740163728203441,0.1724242482888532,0.014663286305019578
0500000US06105-Trinity County,12862,2.17,0.2341066341066341,0.5117400093298088,0.48825999067019127,0.0723060177266366,0.9276939822733634,0.044627585134504745,0.013916964702223604,0.0067641113357176175,0.012284248172912455,0.0020992069662571916,0.02332452184730213,0.023246773441144456,7.774840615767377e-05,0.8246773441144456,0.3699269164982118,0.10721505209143213,0.10270564453428704,0.0660861452340227,0.046260301663815895,0.04765977297465402,0.45062976208987715,0.3693049292489504,0.30158606748561656,0.029388897527600683,0.02705644534287047,0.019903591976364484,0.001710464935468823,0.03265433058622298,0.018504120665526355,0.005520136837194838,0.012361996579070129,0.024102005908878867,0.08225781371481884,0.054812626341160006,0.01998134038252216,0.04167314570051314,0.45062976208987715,0.04486083035297776,0.03918519670346758,0.06740786813870316,0.05978852433525113,0.062431970144612034,0.07424972788057844,0.04322811382366661,0.03832996423573317,0.021147566474887265,38497,54856,0.45062976208987715,0.09314259057689317,0.357487171512984,0.40460270564453427,0.3699269164982118,0.0346757891463225,0.45179598818224226,8.6,1.5,7.9,33.4,29.8,7.8,19.7,0.16855854454983674,0.5564453428704712,0.2617011351267299,0.0035764266832529934,0.09252060332763179,0.11483439589488416,0.9550614212408646,0.044938578759135435,0.09461981029388898,0.04066241642046338,0.058466801430570675,0.0314103560877002,0.08218006530866118,0.1102472399315814,0.12914010262789613,0.08365728502565697,0.3488570984294822,0.020758824444098895
0500000US06071-San Bernardino County,2135413,3.3,0.9483751232183508,0.4975487177421885,0.5024512822578114,0.5281474824776284,0.47185251752237156,0.0034695864453386767,0.06820788297158442,0.07907791139231615,0.002827087781145849,0.0019129788944808334,0.02448753472981573,0.02314025436765628,0.001347280362159451,0.2918695353076899,0.4179214980895967,0.12172961389670289,0.07825980267049044,0.09665437084067578,0.0428558784647279,0.0784218322169997,0.2953213266005218,0.2692444037757567,0.24114773114147006,0.002803204813307777,0.03167256170117912,0.03690339995120382,0.013873194552997476,0.05399517564049671,0.04023156176346215,0.005377414111462279,0.019851897501794735,0.03907300367657217,0.09226224622590572,0.03818043629031012,0.021471724673400416,0.022225677187504244,0.2953213266005218,0.016014700669144562,0.014908123159313913,0.027818506302996187,0.027512242362484448,0.03718297116295536,0.05479221115540647,0.03898309132706413,0.04493791130802332,0.03317156915313337,60164,77575,0.2953213266005218,0.12571010853638148,0.16961121806414028,0.45802943037248534,0.4179214980895967,0.0401079322828886,0.299426855601235,8.8,9.1,11.4,26.5,24.5,8.3,20.299999999999997,0.2679893772305404,0.6014775596102487,0.10669458320240628,0.009154669377773761,0.05538694388392316,0.04215296994070936,0.7901127322911305,0.20988726770886942,0.14702870123952602,0.0751030362744818,0.07487825540071172,0.07933921915807388,0.1494844322854642,0.12827401537782152,0.12568856703597853,0.06007175192808136,0.14838581576491292,0.01174620553494804
0500000US06061-Placer County,380077,2.67,0.8720890531326257,0.48808794007530054,0.5119120599246995,0.13812464316441142,0.8618753568355886,0.003273020993114553,0.07155392196844323,0.015438976838903697,0.0015154823890948413,0.0010603114632035087,0.03660310936994346,0.035592787777213565,0.0010103215927298943,0.7324305338128853,0.4564680314778321,0.20479271305551244,0.07603196194455335,0.11077229087790105,0.032506571036921464,0.032364494562943824,0.37008553529942617,0.34835046582666146,0.3269995290427992,0.0034808736124522137,0.032280301096883,0.02801800687755376,0.011400321513798519,0.053212901596255496,0.019211896536754394,0.010216350897318175,0.03895000223638894,0.057091063126682225,0.10487085511620013,0.04209936407622666,0.022505965896384154,0.03313012889493445,0.37008553529942617,0.014775953293674702,0.012618495725866074,0.023061116563222715,0.025329078055236175,0.033127497849120044,0.05749098209047114,0.04746669753760422,0.07300362821217805,0.08321208597205303,84357,109020,0.37008553529942617,0.11837338223570487,0.2517121530637213,0.48016059903651104,0.4564680314778321,0.0236925675586789,0.3186249102155616,4.9,2.1,3.3,18.2,26.6,11.3,38.599999999999994,0.22543063642367203,0.5828766276307169,0.18453892237625533,0.00776158515248226,0.04320177227246058,0.055146720269840056,0.8904169418302081,0.10958305816979191,0.11938633487424917,0.0645658642853948,0.06419488682556429,0.053354978070233136,0.11006717059964165,0.12804510664944208,0.13922442031483095,0.06871239248889041,0.2293850982827164,0.023063747609037115
0500000US06095-Solano County,438530,2.87,0.9151775641641404,0.4969580188356555,0.5030419811643445,0.26088523020089843,0.7391147697991015,0.0028686748911134928,0.15048913415273754,0.1356805691742868,0.008957197911203339,0.002937085262125738,0.053100129979704924,0.05160422320023716,0.0014959067794677672,0.3850819784279297,0.4622557179668438,0.1529769913118829,0.09338243677741545,0.10349120926732493,0.05014252160627551,0.062262559003945,0.3399242925227465,0.31619501516429893,0.30141381433425307,0.00687296194103026,0.03820035117323786,0.03940209335735297,0.01157731512097234,0.05269194809933186,0.029058445260301463,0.00829133696668415,0.02542357421385082,0.04493649237224363,0.10668825393929719,0.04419766036531138,0.022107951565457324,0.032807333591772514,0.3399242925227465,0.01391010877248991,0.012138280163272753,0.02152190272045242,0.02342827172599366,0.03641484048981826,0.05749891683579231,0.0496112010580804,0.06487355483091237,0.06052721592593437,77609,96029,0.3399242925227465,0.11980024171664425,0.2201240508061022,0.49724990308530775,0.4622557179668438,0.03499418511846396,0.29492395047089137,7.0,5.7,6.3,23.3,28.3,10.1,26.200000000000003,0.22509748477869246,0.6033885937108066,0.14368686292841995,0.00862882813034456,0.06131849588397601,0.050466330695733475,0.799803890269765,0.2001961097302351,0.12394819054568673,0.06292385925706337,0.06151460561421111,0.06830091441862586,0.14491824960664038,0.1241328985474198,0.13282329601167536,0.06698971564089116,0.19725902446810936,0.017189245889676876
0500000US06011-Colusa County,21464,2.99,0.3983849259757739,0.5182631382780469,0.481736861721953,0.5895918747670518,0.4104081252329482,0.007407752515840477,0.015095042862467387,0.012905329854640327,0.0024692508386134925,0.0013976891539321655,0.013697353708535222,0.013697353708535222,0.0,0.35743570629891913,0.4501956764815505,0.10599142750652255,0.0802273574357063,0.07463660081997764,0.11852404025344764,0.07081625046589639,0.3313920983973164,0.2784196794632874,0.2561964219157659,0.1233693626537458,0.021524412970555348,0.04509877003354454,0.010995154677599702,0.04258292955646664,0.02431979127841968,0.0012579202385389488,0.01570070816250466,0.01933469996272829,0.055628028326500184,0.06182445024226612,0.009084979500559075,0.019474468878121504,0.3313920983973164,0.01174058889303019,0.016912038762579202,0.04146477823332091,0.03424338427133805,0.04584420424897503,0.06270965337308983,0.04999068207230712,0.036386507640700706,0.0321002609019754,56704,82313,0.3313920983973164,0.13869735370853523,0.19269474468878123,0.47442228848304135,0.4501956764815505,0.024226612001490868,0.28093551994036525,5.1,19.7,11.0,23.7,20.6,9.7,15.4,0.27408684308609765,0.5837681699590012,0.1343645173313455,0.00903838986209467,0.06555162131941857,0.04789414834140887,0.7252609019754007,0.27473909802459934,0.15360603801714498,0.07636041744316065,0.07165486395825568,0.06317554975773387,0.1340849795005591,0.11754565784569512,0.12304323518449496,0.06960491986582185,0.17517704062616474,0.015747297800969066
0500000US06031-Kings County,150075,3.16,0.7684938762432242,0.5508845577211394,0.4491154422788606,0.5407562885224054,0.4592437114775945,0.008175912043978011,0.038227552890221554,0.058530734632683656,0.0018990504747626188,0.0013593203398300849,0.024161252706979844,0.02298184241212727,0.0011794102948525737,0.32688988838913874,0.3546026986506747,0.08738297517907713,0.07685490588039313,0.06912543728135932,0.07027153090121606,0.05096784940862902,0.2847576211894053,0.2502748625687156,0.2197168082625354,0.05284024654339497,0.01288022655338997,0.026573379976678326,0.008129268698983842,0.03415625520573047,0.015472263868065966,0.003604864234549392,0.010501415958687322,0.022422122272197236,0.07549558554056306,0.029898384141262703,0.014252873563218391,0.04837581209395302,0.2847576211894053,0.015518907213060137,0.016018657337997667,0.027246376811594204,0.031217724471097785,0.043778110944527736,0.05108112610361486,0.03972680326503415,0.03738130934532734,0.022788605697151423,53865,69985,0.2847576211894053,0.13345327336331833,0.15130434782608695,0.38695319007163087,0.3546026986506747,0.03235049142095619,0.34170914542728636,8.4,12.8,13.5,25.5,26.0,8.7,13.5,0.27258370814592703,0.519720139930035,0.0949391970681326,0.01124104614359487,0.057931034482758624,0.041226053639846744,0.8191637514576046,0.18083624854239547,0.15528235882058972,0.07499583541562552,0.06957188072630352,0.08498417457937697,0.16697651174412795,0.1373313343328336,0.11994669332000667,0.05140096618357488,0.1293753123438281,0.010134932533733133
0500000US06019-Fresno County,978130,3.16,0.852490356262774,0.49884575669900727,0.5011542433009927,0.5274421600400765,0.4725578399599235,0.004557676382484946,0.10018197990042224,0.045468393771789024,0.001128684326214307,0.001905677159477779,0.021343788657949354,0.020364368744440923,0.0009794199135084293,0.29797163976158586,0.40912250927790783,0.12144091276210729,0.08039013219101755,0.08665105865273533,0.061903836913293736,0.05873656875875395,0.3114350853158578,0.27303630396777523,0.24273460582949097,0.040590719025078464,0.023343522844611657,0.02987435207998937,0.01440197110813491,0.04276323188124278,0.020323474384795478,0.005497224295339065,0.0192776011368632,0.034574136362242235,0.09775183257849161,0.03553924324987476,0.019747886272785824,0.025437314058458487,0.3114350853158578,0.021858035230490836,0.020435933873820453,0.03616594931144122,0.03435637389713024,0.03960823203459663,0.05427806119840921,0.03597885761606331,0.03885066402216474,0.02990297813174118,51261,71663,0.3114350853158578,0.12833161236236493,0.18310347295349289,0.45132139899604345,0.40912250927790783,0.042198889718135624,0.29128132252359096,9.4,14.2,10.5,22.9,23.2,8.5,20.700000000000003,0.28589349064030345,0.5881682393955814,0.11446535736558536,0.01167636203776594,0.06893255497735475,0.048350423767801826,0.786513040188932,0.21348695981106805,0.16077924202304397,0.07989837751628107,0.07357917659206854,0.07590095386093873,0.15183257849161155,0.12330160612597507,0.1142915563370922,0.055038696287814506,0.1491836463455778,0.016194166419596576
0500000US06111-Ventura County,848112,3.08,0.9845142942248636,0.49473182787179054,0.5052681721282095,0.42449228403795725,0.5755077159620428,0.002710726885128379,0.07103071292470806,0.016126407832927726,0.0016577999132190088,0.0011979549870771784,0.02494246042975456,0.024305752070481256,0.0006367083592733035,0.45784165298922785,0.4860537287528062,0.18509347821985775,0.08343001867677854,0.10803879676269172,0.056643462184239816,0.0528479729092384,0.319799743430113,0.29377959514781066,0.277445667553342,0.027293565000848945,0.027996302375158,0.04904894636557436,0.014486294263021865,0.05141302092176505,0.01625021223611976,0.011854566378025544,0.03718494727111513,0.05807369781349633,0.09533174863697247,0.04716829852660969,0.02572301771464146,0.02422911124945762,0.319799743430113,0.010202661912577585,0.009091959552511932,0.019742675495689248,0.02113046390099421,0.03165147999320844,0.05047800290527666,0.045155592657573525,0.060733723847793686,0.07161318316448771,84017,110792,0.319799743430113,0.11309827003980606,0.20670147339030695,0.5165367309977927,0.4860537287528062,0.030483002244986512,0.2720442583055068,5.9,9.6,6.0,18.9,23.1,9.3,33.1,0.23493005640764428,0.6134343105627559,0.1438265229120682,0.009162704925764521,0.049151527156790616,0.05028463221838625,0.7797696530646896,0.22023034693531043,0.12402253475956006,0.06977262437036617,0.06796154281509989,0.07007093402758126,0.13223607259418568,0.12453425962608712,0.13701256437828965,0.07016054483370121,0.18387076235214217,0.020358160242986777
